{
    "amount": 46600,
    "countGoods": 2,
    "contents": [
        {
            "quantity": 2,
            "id_product": 124,
            "product_name": "Keyboard",
            "price": 1600
        },
        {
            "quantity": 3,
            "id_product": 457,
            "product_name": "Gamepad",
            "price": 3000
        },
        {
            "quantity": 4,
            "id_product": 123,
            "product_name": "Ноутбук",
            "price": 45600
        }
    ]
}